월,구분,부서,팀,담당자,과제명,월별목표,월별실적,코멘트,진행결과,실적내용
1월,중요과제,소자 개발실,회로 설계팀,김철수,회로 효율 향상 프로젝트,전년도 회로 설계 분석 및 상세 스펙 목표 설정,설계 분석 및 상세 스펙 목표 구체화 후 내부 보고서 공유,우선순위 조정 필요,O,목표 초과 달성
1월,일반과제,신뢰성 평가팀,스트레스 분석팀,배정훈,패키징 신뢰성 평가,기초 신뢰성 조건 확보,조건 측정 완료,이슈 없음,O,계획 대비 미달
1월,일반과제,소자 개발실,회로 설계팀,이서준,저전력 회로 설계 개선,기존 회로 전력 소비 분석,소비 분석 결과 요약,요구사항 변경,O,목표 초과 달성
1월,중요과제,신뢰성 평가팀,스트레스 분석팀,정하진,패키징 열화 분석 프로젝트,스트레스 조건별 열화 시험 계획 수립,시험 조건 정리 및 일정 수립,우선순위 조정 필요,O,목표 달성 이상
1월,중요과제,공정 혁신팀,ALD 증착팀,이도윤,원자층 증착 최적화 프로젝트,ALD 전구체 비교 실험 설계,실험 설계서 작성 및 승인 완료,우선순위 조정 필요,△,목표 초과 달성
1월,일반과제,소자 개발실,인터페이스팀,김나연,데이터 전송 안정화 연구,기존 전송 오류 분석,오류 로그 분석 보고서 제출,리소스 부족,△,목표 초과 달성
1월,중요과제,신뢰성 평가팀,전기적 시험팀,한가은,신뢰성 전기 시험 개선 프로젝트,전기 시험 항목 정비 및 자동화 로드맵 수립,로드맵 1차 공유 완료,이슈 없음,△,목표 달성
1월,중요과제,공정 혁신팀,플라즈마 공정팀,최하늘,식각 균일도 개선 프로젝트,식각 프로파일 편차 분석,데이터 수집 완료 및 주요 변수 분석,이슈 없음,O,목표 달성 이상
1월,일반과제,신뢰성 평가팀,전기적 시험팀,최예지,수명 시험 자동화 구축,자동화 대상 항목 식별,2개 항목 선정,진행 순조,△,목표 달성
1월,일반과제,공정 혁신팀,플라즈마 공정팀,홍예린,식각 장비 이슈 개선,장비별 이슈 목록화,3대 장비 핵심 이슈 도출,진행 순조,O,목표 달성 이상
1월,일반과제,공정 혁신팀,ALD 증착팀,강지우,신규 전구체 평가 과제,후보 전구체 조사 및 목록화,5종 목록 작성,이슈 없음,O,아슬아슬하게 미달
1월,중요과제,소자 개발실,인터페이스팀,박미미,고속 인터페이스 개선 프로젝트,현행 데이터 전송 구조 분석,전송 병목 구간 식별 및 개선 방향 초안 작성,우선순위 조정 필요,△,계획 대비 미달
2월,일반과제,소자 개발실,회로 설계팀,이서준,저전력 회로 설계 개선,저전력 회로 도식 작성,도식 및 검토자료 작성,리소스 부족,O,목표 달성 이상
2월,일반과제,공정 혁신팀,ALD 증착팀,강지우,신규 전구체 평가 과제,평가 프로토콜 수립,프로토콜 정리 및 공유,진행 순조,O,목표 달성 이상
2월,일반과제,소자 개발실,인터페이스팀,김나연,데이터 전송 안정화 연구,전송 안정화 알고리즘 검토,안정화 알고리즘 2종 검토 완료,일정 지연,△,목표 달성 이상
2월,중요과제,신뢰성 평가팀,전기적 시험팀,한가은,신뢰성 전기 시험 개선 프로젝트,자동화 시험 시스템 기초 설계,UI/UX 설계안 작성,진행 순조,△,목표 달성
2월,일반과제,공정 혁신팀,플라즈마 공정팀,홍예린,식각 장비 이슈 개선,이슈 개선 방법 실험 설계,조건부 테스트 설계 중,일정 지연,O,아슬아슬하게 미달
2월,중요과제,신뢰성 평가팀,스트레스 분석팀,정하진,패키징 열화 분석 프로젝트,시험 진행 및 열화 기준선 확보,초기 시험 결과 수집 중,일정 지연,△,목표 달성 이상
2월,중요과제,소자 개발실,회로 설계팀,김철수,회로 효율 향상 프로젝트,저전력 설계안 시뮬레이션 수행,시뮬레이션 결과 비교 후 최적안 1차 도출,진행 순조,△,계획 대비 미달
2월,일반과제,신뢰성 평가팀,스트레스 분석팀,배정훈,패키징 신뢰성 평가,평가 기준 정립 및 시험 계획,기준 정의서 작성,리소스 부족,△,계획 대비 미달
2월,중요과제,공정 혁신팀,ALD 증착팀,이도윤,원자층 증착 최적화 프로젝트,전구체 테스트 수행 및 반응성 비교,"반응성 결과 취합, 후보 2종 선정",리소스 부족,△,계획 대비 미달
2월,일반과제,신뢰성 평가팀,전기적 시험팀,최예지,수명 시험 자동화 구축,자동화 설계서 작성,설계서 초안 작성 완료,이슈 없음,△,목표 초과 달성
2월,중요과제,공정 혁신팀,플라즈마 공정팀,최하늘,식각 균일도 개선 프로젝트,균일도 편차 20% 이내 개선 목표 설정,개선 조건 도출 및 실험 계획 수립,리소스 부족,X,목표 달성
2월,중요과제,소자 개발실,인터페이스팀,박미미,고속 인터페이스 개선 프로젝트,전송속도 개선 알고리즘 도입 검토,2가지 개선안 비교 및 파일럿 설계 적용,우선순위 조정 필요,O,목표 달성
3월,일반과제,신뢰성 평가팀,스트레스 분석팀,배정훈,패키징 신뢰성 평가,신뢰성 제품 효율 측정 및 10% 개선,측정 후 8% 개선 – 목표 미달성,요구사항 변경,△,목표 초과 달성
3월,일반과제,공정 혁신팀,ALD 증착팀,강지우,신규 전구체 평가 과제,전구체 평가 및 후보 확정,2종 후보 확정 완료,일정 지연,△,목표 달성
3월,일반과제,공정 혁신팀,플라즈마 공정팀,홍예린,식각 장비 이슈 개선,장비 이슈 50% 해소,약 40% 개선 확인 – 추가 개선 중,리소스 부족,△,목표 달성 이상
3월,중요과제,신뢰성 평가팀,전기적 시험팀,한가은,신뢰성 전기 시험 개선 프로젝트,시험 자동화 시스템 시범 운영,시범 결과 보고서 제출,요구사항 변경,△,목표 달성
3월,일반과제,소자 개발실,인터페이스팀,김나연,데이터 전송 안정화 연구,알고리즘 적용 후 재현성 평가,재현성 95% 확보,일정 지연,△,계획 대비 미달
3월,중요과제,소자 개발실,회로 설계팀,김철수,회로 효율 향상 프로젝트,회로 효율 15% 개선안 설계 완료,"14% 수준 설계안 완성, 효율 검증 진행 중",리소스 부족,△,계획 대비 미달
3월,중요과제,소자 개발실,인터페이스팀,박미미,고속 인터페이스 개선 프로젝트,최종 전송 알고리즘 확정 및 적용,개선안 확정 후 구현 완료,요구사항 변경,O,계획 대비 미달
3월,중요과제,공정 혁신팀,플라즈마 공정팀,최하늘,식각 균일도 개선 프로젝트,식각 균일도 실험 및 결과 도출,결과 도출 후 일부 조건 만족,일정 지연,△,목표 달성 이상
3월,중요과제,공정 혁신팀,ALD 증착팀,이도윤,원자층 증착 최적화 프로젝트,최적 전구체 기반 증착 조건 확립,조건 확립 후 도입 가이드 작성,우선순위 조정 필요,△,아슬아슬하게 미달
3월,중요과제,신뢰성 평가팀,스트레스 분석팀,정하진,패키징 열화 분석 프로젝트,열화 원인 분석 및 개선안 도출,분석 보고서 작성 및 개선안 정리,진행 순조,O,계획 대비 미달
3월,일반과제,신뢰성 평가팀,전기적 시험팀,최예지,수명 시험 자동화 구축,자동화 시험 환경 구축,환경 구축 및 시범 실행 완료,일정 지연,X,계획 대비 미달
3월,일반과제,소자 개발실,회로 설계팀,이서준,저전력 회로 설계 개선,전력 10% 절감 목표 구현,8% 절감 구현 – 목표 미달성,리소스 부족,O,계획 대비 미달
